serial_no,video_link,category,begin_time_stamp_in_min,end_time_stamp_in_min,,category
CholeCystectomy_000,https://www.youtube.com/watch?v=rPuYHj1IDKc&t=60s,CholeCystectomy,"1,00","4,50",,CholeCystectomy
CholeCystectomy_001,https://www.youtube.com/watch?v=8tepFfxTaZw,CholeCystectomy,"5,00","18,00",,CholeCystectomy
CholeCystectomy_002,https://www.youtube.com/watch?v=lb778SOPG9k,CholeCystectomy,"9,00","30,20",,CholeCystectomy
CholeCystectomy_003,https://www.youtube.com/watch?v=G9EwcykWNJs,CholeCystectomy,"0,00","7,30",,CholeCystectomy
CholeCystectomy_004,https://www.youtube.com/watch?v=BrZujiP4Lhw,CholeCystectomy,"0,05","28,45",,CholeCystectomy
CholeCystectomy_005,https://www.youtube.com/watch?v=HAaVQYBNcMA,CholeCystectomy,"6,30","29,00",,CholeCystectomy
CholeCystectomy_006,https://www.youtube.com/watch?v=G9EwcykWNJs&t=2s,CholeCystectomy,"0,00","7,45",,CholeCystectomy
CholeCystectomy_007,https://www.youtube.com/watch?v=brlAoTNmS1E,CholeCystectomy,"0,15","6,40",,CholeCystectomy
CholeCystectomy_008,https://www.youtube.com/watch?v=wmgBjBvrlSc,CholeCystectomy,"1,55","3,20",,CholeCystectomy
CholeCystectomy_009,https://www.youtube.com/watch?v=QlFrKqnZbJw,CholeCystectomy,"0,30","6,50",,CholeCystectomy
CholeCystectomy_010,https://www.youtube.com/watch?v=o84EeiLGbFE,CholeCystectomy,"0,5","2,55",,CholeCystectomy
CholeCystectomy_011,https://www.youtube.com/watch?v=vOV4nZdgGdQ,CholeCystectomy,"0,35","9,15",,CholeCystectomy
CholeCystectomy_012,https://www.youtube.com/watch?v=kUXnRVD-YGw,CholeCystectomy,"0,25","6,00",,CholeCystectomy
CholeCystectomy_013,https://www.youtube.com/watch?v=zHKFtgceDiQ,CholeCystectomy,"0,20","7,00",,CholeCystectomy
CholeCystectomy_014,https://www.youtube.com/watch?v=9eazGJc9WC0,CholeCystectomy,"8,25","12,50",,CholeCystectomy
CholeCystectomy_015,https://www.youtube.com/watch?v=DUrV3WG0oW0,CholeCystectomy,"1,20","5,10",,CholeCystectomy
HemiColectomy_016,https://www.youtube.com/watch?v=YuccCj0kMok,HemiColectomy,"0,50","7,00",,HemiColectomy
CholeCystectomy_017,https://www.youtube.com/watch?v=ilnTw7rUvVs,CholeCystectomy,"0,40","5,55",,CholeCystectomy
CholeCystectomy_018,https://www.youtube.com/watch?v=KsWAcVM5u2c,CholeCystectomy,"0,40","5,35",,CholeCystectomy
CholeCystectomy_019,https://www.youtube.com/watch?v=N5Ks19VrOzo,CholeCystectomy,"1,00","3,45",,CholeCystectomy
CholeCystectomy_020,https://www.youtube.com/watch?v=9y0ir4xnT_g,CholeCystectomy,"0,15","2,40",,CholeCystectomy
CholeCystectomy_021,https://www.youtube.com/watch?v=_91OMrXZu1M,CholeCystectomy,"0,20","5,45",,CholeCystectomy
CholeCystectomy_022,https://www.youtube.com/watch?v=ia9niBeGJQg&t=212s,CholeCystectomy,"1,25","15,20",,CholeCystectomy
CholeCystectomy_023,https://www.youtube.com/watch?v=Wf7mMqeD-Zg,CholeCystectomy,"1,20","7,25",,CholeCystectomy
HemiColectomy_024,https://www.youtube.com/watch?v=Q7uAciuDzfg,HemiColectomy,"1,35","9,20",,HemiColectomy
HemiColectomy_025,https://www.youtube.com/watch?v=3vH6j451lBY,HemiColectomy,"0,30","17,55",,HemiColectomy
Splenectomy_026,https://www.youtube.com/watch?v=2g-Og3pxBiM,Splenectomy,"0,25","6,25",,Splenectomy
Splenectomy_027,https://www.youtube.com/watch?v=wQTh9cKpDxI,Splenectomy,"0,45","5,20",,Splenectomy
HemiColectomy_028,https://www.youtube.com/watch?v=8oAE_7hD2Ic,HemiColectomy,"14,30","50,00",,HemiColectomy
HemiColectomy_029,https://www.youtube.com/watch?v=iL198hZ_WI8,HemiColectomy,"00,30","2,20",,HemiColectomy
HemiColectomy_030,https://www.youtube.com/watch?v=bCRl1Qpi140,HemiColectomy,"00,00","17,00",,HemiColectomy
CholeCystectomy_031,https://www.youtube.com/watch?v=C5eW4RySjys,CholeCystectomy,"00,30","20,00",,CholeCystectomy
HemiColectomy_032,https://www.youtube.com/watch?v=tLdUqlz4afw,HemiColectomy,"00,30","10,30",,HemiColectomy
Anterior Resection_033,https://www.youtube.com/watch?v=HLumfw76HwM,Anterior Resection,"00,0","12,20",,Anterior Resection
Anterior Resection_034,https://www.youtube.com/watch?v=pwimI6nUrw0,Anterior Resection,"00,00","10,30",,Anterior Resection
Colectomy_035,https://www.youtube.com/watch?v=ibPIOa5sARA,Colectomy,"00,00","11,15",,Colectomy
Colectomy_036,https://www.youtube.com/watch?v=Sq3EykLivcE,Colectomy,"0,00","14,00",,Colectomy
Colectomy_037,https://www.youtube.com/watch?v=zRqs7_IsACg,Colectomy,"0,00","12,30",,Colectomy
Anterior Resection_038,https://www.youtube.com/watch?v=Ln9O1JHzhy4,Anterior Resection,"1,05","7,40",,Anterior Resection
CholeCystectomy_039,https://www.youtube.com/watch?v=QP2cPWjn7cw,CholeCystectomy,"0,00","14,10",,CholeCystectomy
appendectomy_040,https://www.youtube.com/watch?v=fjPh3I2zS7E,appendectomy,"0,20","5,40",,Appendectomy
appendectomy_041,https://www.youtube.com/watch?v=18eYVp244mQ&rco=1,appendectomy,"0,30","6,40",,Appendectomy
appendectomy_042,https://www.youtube.com/watch?v=s5lThMjgX7w&rco=1,appendectomy,"0,20","14,50",,Appendectomy
appendectomy_043,https://www.youtube.com/watch?v=_Lm_EUPxuGI&rco=1,appendectomy,"0,10","3,40",,Appendectomy
appendectomy_044,https://www.youtube.com/watch?v=8SzcKhI3NIk&rco=1,appendectomy,"2,20","9,10",,Appendectomy
appendectomy_045,https://www.youtube.com/watch?v=_yl9GqLGFd8&rco=1,appendectomy,"1,10","8,15",,Appendectomy
appendectomy_046,https://www.youtube.com/watch?v=R8xqwOscRts&rco=1,appendectomy,"1,10","6,20",,Appendectomy
appendectomy_047,https://www.youtube.com/watch?v=eH_WLmCiaaE&rco=1,appendectomy,"1,05","3,00",,Appendectomy
appendectomy_048,https://www.youtube.com/watch?v=0tNYteZi4wE&rco=1,appendectomy,"2,20","13,00",,Appendectomy
appendectomy_049,https://www.youtube.com/watch?v=bAZMFFGT0aY&rco=1,appendectomy,"1,20","5,50",,Appendectomy
appendectomy_050,https://www.youtube.com/watch?v=AD1TM9kf7ak&rco=1,appendectomy,"0,20","3,10",,Appendectomy
appendectomy_051,https://www.youtube.com/watch?v=J9mbWHnjsok&rco=1,appendectomy,"2,15","9,50",,Appendectomy
appendectomy_052,https://www.youtube.com/watch?v=enlUl13H3bA&rco=1,appendectomy,"2,30","6,00",,Appendectomy
appendectomy_053,https://www.youtube.com/watch?v=3r6MaNK_7ew&rco=1,appendectomy,"0,20","8,00",,Appendectomy
appendectomy_054,https://www.youtube.com/watch?v=4TO7gfdWMfc&rco=1,appendectomy,"0,10","4,00",,Appendectomy
appendectomy_055,https://www.youtube.com/watch?v=O3c4MMthSSo&rco=1,appendectomy,"0,15","4,15",,Appendectomy
appendectomy_056,https://www.youtube.com/watch?v=2UYmf46KK5M&rco=1,appendectomy,"0,20","5,50",,Appendectomy
appendectomy_057,https://www.youtube.com/watch?v=fDRosHtgHoU&rco=1,appendectomy,"0,30","8,40",,Appendectomy
appendectomy_058,https://www.youtube.com/watch?v=OM9NZWlbwpk&rco=1,appendectomy,"0,10","3,30",,Appendectomy
appendectomy_059,https://www.youtube.com/watch?v=AwRCrcifI70&rco=1,appendectomy,"0,25","4,40",,Appendectomy
appendectomy_060,https://www.youtube.com/watch?v=XjtE1GHq8Cw&rco=1,appendectomy,"0,20","4,50",,Appendectomy
appendectomy_061,https://www.youtube.com/watch?v=E8UPLNhr2B4&rco=1,appendectomy,"0,30","5,00",,Appendectomy
appendectomy_062,https://www.youtube.com/watch?v=1jMZX-Du2EE&rco=1,appendectomy,"0,20","5,30",,Appendectomy
appendectomy_063,https://www.youtube.com/watch?v=rGfu_yfHogs&rco=1,appendectomy,"0,25","10,30",,Appendectomy
appendectomy_064,https://www.youtube.com/watch?v=kU-PTfUzxv0&rco=1,appendectomy,"0,10","3,30",,Appendectomy
appendectomy_065,https://www.youtube.com/watch?v=g6Ye3CwNnmQ&rco=1,appendectomy,"0,10","5,30",,Appendectomy
appendectomy_066,https://www.youtube.com/watch?v=4AqH7aVhgR4&rco=1,appendectomy,"0,20","4,00",,Appendectomy
appendectomy_067,https://www.youtube.com/watch?v=gcFMU5wIw_U&rco=1,appendectomy,"0,30","8,40",,Appendectomy
appendectomy_068,https://www.youtube.com/watch?v=SuYMqVT2TUo&rco=1,appendectomy,"0,30","17,30",,Appendectomy
appendectomy_069,https://www.youtube.com/watch?v=F5Glai8DGRA&rco=1,appendectomy,"0,40","19,40",,Appendectomy
appendectomy_070,https://www.youtube.com/watch?v=64s_4LNhKJ8&rco=1,appendectomy,"0,10","4,00",,Appendectomy
appendectomy_071,https://www.youtube.com/watch?v=k0XYtSdXC2Q&rco=1,appendectomy,"0,05","2,40",,Appendectomy
appendectomy_072,https://www.youtube.com/watch?v=V1CHU6ymMNg,appendectomy,"0,10","6,55",,Appendectomy
appendectomy_073,https://www.youtube.com/watch?v=yObP9tm-sSo&rco=1,appendectomy,"0,10","15,40",,Appendectomy
appendectomy_074,https://www.youtube.com/watch?v=R3xbGBPG0f0&rco=1,appendectomy,"2,00","5,30",,Appendectomy
appendectomy_075,https://www.youtube.com/watch?v=_SO98EzSZBY&rco=1,appendectomy,"0,30","4,40",,Appendectomy
appendectomy_076,https://www.youtube.com/watch?v=mYXJLt_D9xA&rco=1,appendectomy,"1,20","7,10",,Appendectomy
appendectomy_077,https://www.youtube.com/watch?v=0FjDfiOQqQI&rco=1,appendectomy,"1,15","4,25",,Appendectomy
Hysterectomy_078,https://www.youtube.com/watch?v=UTRAt57UMjk&rco=1,Hysterectomy,"6,05","26,30",,Hysterectomy
Hysterectomy_079,https://www.youtube.com/watch?v=ua_o3qPNpMc&rco=1,Hysterectomy,"0,05","25,10",,Hysterectomy
Hysterectomy_080,https://www.youtube.com/watch?v=jpWRkN1Lbt4&rco=1,Hysterectomy,"0,20","19,30",,Hysterectomy
Hysterectomy_081,https://www.youtube.com/watch?v=7kFTv0tyuM0,Hysterectomy,"0,15","14,20",,Hysterectomy
Hysterectomy_082,https://www.youtube.com/watch?v=rpqt-q98l-k&rco=1,Hysterectomy,"0,40","11,00",,Hysterectomy
Hysterectomy_083,https://www.youtube.com/watch?v=awix050Jm9o,Hysterectomy,"5,00","21,10",,Hysterectomy
Hysterectomy_084,https://www.youtube.com/watch?v=qUV25O23I4M&rco=1,Hysterectomy,"2,10","31,10",,Hysterectomy
Hysterectomy_085,https://www.youtube.com/watch?v=uab8CTt8NF4&rco=1,Hysterectomy,"0,30","16,50",,Hysterectomy
Hysterectomy_086,https://www.youtube.com/watch?v=Hg76SBOCEMU,Hysterectomy,"0,20","26,50",,Hysterectomy
Hysterectomy_087,https://www.youtube.com/watch?v=i9vLtTZlmzA,Hysterectomy,"0,20","6,20",,Hysterectomy
Hysterectomy_088,https://www.youtube.com/watch?v=i9vLtTZlmzA&rco=1,Hysterectomy,"0,10","6,30",,Hysterectomy
Hysterectomy_089,https://www.youtube.com/watch?v=KMsMaNLBBos&rco=1,Hysterectomy,"0,30","6,00",,Hysterectomy
Hysterectomy_090,https://www.youtube.com/watch?v=5i2LCUJJYcM&rco=1,Hysterectomy,"1,30","8,30",,Hysterectomy
Hysterectomy_091,https://www.youtube.com/watch?v=mlp2hekjZNw&rco=1,Hysterectomy,"0,05","4,10",,Hysterectomy
Hysterectomy_092,https://www.youtube.com/watch?v=WN5FZe_cap0&rco=1,Hysterectomy,"1,10","3,30",,Hysterectomy
Hysterectomy_093,https://www.youtube.com/watch?v=pzpTsiJSQ3U,Hysterectomy,"0,20","14,30",,Hysterectomy
Hysterectomy_094,https://www.youtube.com/watch?v=QfnhZ0uSbAk&rco=1,Hysterectomy,"0,10","4,20",,Hysterectomy
Hysterectomy_095,https://www.youtube.com/watch?v=YlLy9V4M2f8&rco=1,Hysterectomy,"0,15","7,00",,Hysterectomy
Hysterectomy_096,https://www.youtube.com/watch?v=ZD1fdwAVmEw&rco=1,Hysterectomy,"0,05","28,10",,Hysterectomy
Hysterectomy_097,https://www.youtube.com/watch?v=jPi3uA4-r_U&rco=1,Hysterectomy,"0,20","27,10",,Hysterectomy
Hysterectomy_098,https://www.youtube.com/watch?v=jqViV3hbJ5U&rco=1,Hysterectomy,"5,10","12,20",,Hysterectomy
Hysterectomy_099,https://www.youtube.com/watch?v=XDzC9W26Jdw&rco=1,Hysterectomy,"0,10","19,40",,Hysterectomy
Hysterectomy_100,https://www.youtube.com/watch?v=3-omRRDXHbA&rco=1,Hysterectomy,"0,10","14,50",,Hysterectomy
Hysterectomy_101,https://www.youtube.com/watch?v=NlR92J6hMhk&rco=1,Hysterectomy,"0,40","24,20",,Hysterectomy
Hysterectomy_102,https://www.youtube.com/watch?v=HTndeQwg2Bk&rco=1,Hysterectomy,"0,10","15,30",,Hysterectomy
Hysterectomy_103,https://www.youtube.com/watch?v=usUPjMYTTVU&rco=1,Hysterectomy,"0,40","9,30",,Hysterectomy
Hysterectomy_104,https://www.youtube.com/watch?v=CTEjIR2RSGg&rco=1,Hysterectomy,"0,20","13,30",,Hysterectomy
Hysterectomy_105,https://www.youtube.com/watch?v=ShAdcLkxVZs,Hysterectomy,"0,30","18,00",,Hysterectomy
Hysterectomy_106,https://www.youtube.com/watch?v=We59HczAquk&rco=1,Hysterectomy,"0,05","5,40",,Hysterectomy
Hysterectomy_107,https://www.youtube.com/watch?v=teNq5vPVUGA&rco=1,Hysterectomy,"5,40","55,50",,Hysterectomy
Hysterectomy_108,https://www.youtube.com/watch?v=DO4YYM5rIiY&rco=1,Hysterectomy,"0,10","15,20",,Hysterectomy
Gastrectomy_109,https://www.youtube.com/watch?v=fecXdNs6rp0&rco=1,Gastrectomy,"1,00","12,20",,Gastrectomy
Gastrectomy_110,https://www.youtube.com/watch?v=xUv1GFxQaZk&rco=1,Gastrectomy,"1,30","34,00",,Gastrectomy
Gastrectomy_111,https://www.youtube.com/watch?v=ExC83UdR0X0&rco=1,Gastrectomy,"0,05","3,05",,Gastrectomy
Gastrectomy_112,https://www.youtube.com/watch?v=EMlxhICaG0s&rco=1,Gastrectomy,"1,05","5,25",,Gastrectomy
Gastrectomy_113,https://www.youtube.com/watch?v=3LJ0Oi5G_Co&rco=1,Gastrectomy,"1,00","11,50",,Gastrectomy
Gastrectomy_114,https://www.youtube.com/watch?v=d9YUTw3DiQ4&rco=1,Gastrectomy,"0,25","6,45",,Gastrectomy
Gastrectomy_115,https://www.youtube.com/watch?v=KM6UQzMwbWU,Gastrectomy,"2,00","8,50",,Gastrectomy
Gastrectomy_116,https://www.youtube.com/watch?v=srCQrVRjkz0&rco=1,Gastrectomy,"1,00","3,20",,Gastrectomy
Gastrectomy_117,https://www.youtube.com/watch?v=xjnCC3gIpEE&rco=1,Gastrectomy,"2,10","5,30",,Gastrectomy
Gastrectomy_118,https://www.youtube.com/watch?v=3csL9KfngG0&rco=1,Gastrectomy,"0,30","5,50",,Gastrectomy
Gastrectomy_119,https://www.youtube.com/watch?v=bL0bOBBwies&rco=1,Gastrectomy,"2,40","14,00",,Gastrectomy
Gastrectomy_120,https://www.youtube.com/watch?v=U-T7amTUNN4&rco=1,Gastrectomy,"0,50","5,00",,Gastrectomy
Gastrectomy_121,https://www.youtube.com/watch?v=11ZhEoKbVmU&rco=1,Gastrectomy,"0,30","9,40",,Gastrectomy
Gastrectomy_122,https://www.youtube.com/watch?v=Gsse_H7TTmg&rco=1,Gastrectomy,"1,10","6,30",,Gastrectomy
Gastrectomy_123,https://www.youtube.com/watch?v=XN6o2ri8pCc&rco=1,Gastrectomy,"2,40","22,30",,Gastrectomy
Gastrectomy_124,https://www.youtube.com/watch?v=k8SXVrKx_JM&rco=1,Gastrectomy,"1,00","5,50",,Gastrectomy
Gastrectomy_125,https://www.youtube.com/watch?v=aGFyA_yKTHQ&rco=1,Gastrectomy,"2,40","13,10",,Gastrectomy
Gastrectomy_126,https://www.youtube.com/watch?v=YqntMXDFMX0&rco=1,Gastrectomy,"3,30","8,30",,Gastrectomy
Gastrectomy_127,https://www.youtube.com/watch?v=kf0M5PHygq4&rco=1,Gastrectomy,"5,00","22,10",,Gastrectomy
Gastrectomy_128,https://www.youtube.com/watch?v=sfLHxneuOEM&rco=1,Gastrectomy,"0,20","5,30",,Gastrectomy
Gastrectomy_129,https://www.youtube.com/watch?v=yMGYJ6uCp3w&rco=1,Gastrectomy,"0,50","9,00",,Gastrectomy
Gastrectomy_130,https://www.youtube.com/watch?v=u2vHaisOp3U&rco=1,Gastrectomy,"1,20","5,20",,Gastrectomy
Gastrectomy_131,https://www.youtube.com/watch?v=_6umSOX7WLQ,Gastrectomy,"0,45","4,10",,Gastrectomy
Gastrectomy_132,https://www.youtube.com/watch?v=8td95zSP0eQ,Gastrectomy,"1,00","7,20",,Gastrectomy
Gastrectomy_133,https://www.youtube.com/watch?v=7d1WO2hPT_M&rco=1,Gastrectomy,"1,00","6,30",,Gastrectomy
Gastrectomy_134,https://www.youtube.com/watch?v=GRwnQ_dpNCc&rco=1,Gastrectomy,"0,40","7,20",,Gastrectomy
Gastrectomy_135,https://www.youtube.com/watch?v=74x2Tde-aWs&rco=1,Gastrectomy,"0,40","5,20",,Gastrectomy
Gastrectomy_136,https://www.youtube.com/watch?v=4tLedvVUx2g&rco=1,Gastrectomy,"0,40","47,00",,Gastrectomy
Gastrectomy_137,https://www.youtube.com/watch?v=qrpKP6NkeYc&rco=1,Gastrectomy,"4,10","15,40",,Gastrectomy
Gastrectomy_138,https://www.youtube.com/watch?v=Kbvi-MhqHlQ&rco=1,Gastrectomy,"0,30","5,40",,Gastrectomy
Gastrectomy_139,https://www.youtube.com/watch?v=BKE0PnizfV4&rco=1,Gastrectomy,"0,10","11,40",,Gastrectomy
Gastrectomy_140,https://www.youtube.com/watch?v=LJGzGCnZkrg&rco=1,Gastrectomy,"0,30","7,40",,Gastrectomy
Gastrectomy_141,https://www.youtube.com/watch?v=CD1afDem8yM&rco=1,Gastrectomy,"1,30","7,00",,Gastrectomy
Gastrectomy_142,https://www.youtube.com/watch?v=n8Ph9NOkkF8&rco=1,Gastrectomy,"1,10","5,30",,Gastrectomy
Gastrectomy_143,https://www.youtube.com/watch?v=_8-r40vUWc4&rco=1,Gastrectomy,"1,00","8,10",,Gastrectomy
Gastrectomy_144,https://www.youtube.com/watch?v=HZuruzJje8U&rco=1,Gastrectomy,"0,05","8,30",,Gastrectomy
Gastrectomy_145,https://www.youtube.com/watch?v=12dWPQugWuQ&rco=1,Gastrectomy,"0,40","7,10",,Gastrectomy
Cystectomy_146,https://www.youtube.com/watch?v=tYw2TqWEGds&rco=1,Cystectomy,"1,00","16,10",,Cystectomy
oophorectomy_147,https://www.youtube.com/watch?v=m43zBXvCG6c&rco=1,oophorectomy,"0,20","10,20",,Oophorectomy
Cystectomy_148,https://www.youtube.com/watch?v=cbXRFwbyX9g&rco=1,Cystectomy,"0,40","7,50",,Cystectomy
Cystectomy_149,https://www.youtube.com/watch?v=jOFXzMbeAps&rco=1,Cystectomy,"1,10","8,50",,Cystectomy
Nephrectomy_150,https://www.youtube.com/watch?v=_iNAmCfb9L0&rco=1,Nephrectomy,"1,30","10,20",,Nephrectomy
Nephrectomy_151,https://www.youtube.com/watch?v=HgG76pGgwoQ&rco=1,Nephrectomy,"0,40","19,20",,Nephrectomy
Nephrectomy_152,https://www.youtube.com/watch?v=gNM0XXjtCco&rco=1,Nephrectomy,"0,40","13,40",,Nephrectomy
Nephrectomy_153,https://www.youtube.com/watch?v=Q6XyfW4si-k&rco=1,Nephrectomy,"0,20","10,50",,Nephrectomy
Cystectomy_154,https://www.youtube.com/watch?v=H4fjQbE0KbI&rco=1,Cystectomy,"0,10","2,10",,Cystectomy
Cystectomy_155,https://www.youtube.com/watch?v=iZtGnPIfQ3k&rco=1,Cystectomy,"0,10","1,20",,Cystectomy
Cystectomy_156,https://www.youtube.com/watch?v=TwmRiQCywQc&rco=1,Cystectomy,"0,15","15,20",,Cystectomy
Cystectomy_157,https://www.youtube.com/watch?v=CmMGve4tfHk,Cystectomy,"2,00","3,40",,Cystectomy
Cystectomy_158,https://www.youtube.com/watch?v=2dq_oU2q_WU,Cystectomy,"0,20","11,10",,Cystectomy
laparoscopic_intracorporeal_159,https://www.youtube.com/watch?v=PkI2vuVrRFI,laparoscopic_intracorporeal,"0,50","7,50",,Laparoscopic Intracorporeal
Cystectomy_160,https://www.youtube.com/watch?v=9HKGf3lPvcw,Cystectomy,"0,20","7,00",,Cystectomy
Cystectomy_161,https://www.youtube.com/watch?v=9uZKeCHMFGY,Cystectomy,"0,10","8,10",,Cystectomy
Cystectomy_162,https://www.youtube.com/watch?v=YpdHNXzIHH4,Cystectomy,"0,40","5,00",,Cystectomy
Cystectomy_163,https://www.youtube.com/watch?v=gtAc6PdVuv4,Cystectomy,"0,40","12,20",,Cystectomy
Cystectomy_164,https://www.youtube.com/watch?v=oshr6DyePCE,Cystectomy,"0,20","6,40",,Cystectomy
Cystectomy_165,https://www.youtube.com/watch?v=ENvNNncnSUc,Cystectomy,"0,30","16,30",,Cystectomy
Cystectomy_166,https://www.youtube.com/watch?v=7P-FaMTbjCQ,Cystectomy,"0,10","4,30",,Cystectomy
Cystectomy_167,https://www.youtube.com/watch?v=W1rISsDvWbs,Cystectomy,"0,05","0,50",,Cystectomy
Cystectomy_168,https://www.youtube.com/watch?v=ZIOIy4Q5Bms&rco=1,Cystectomy,"1,10","6,20",,Cystectomy
Cystectomy_169,https://www.youtube.com/watch?v=IVNnDvzMUeU&rco=1,Cystectomy,"2,20","19,40",,Cystectomy
Cystectomy_170,https://www.youtube.com/watch?v=DLkUR0QdRoE&rco=1,Cystectomy,"0,20","15,40",,Cystectomy
Cystectomy_171,https://www.youtube.com/watch?v=ENvNNncnSUc&rco=1,Cystectomy,"0,40","16,30",,Cystectomy
Cystectomy_172,https://www.youtube.com/watch?v=bw12oGPOF9Y&rco=1,Cystectomy,"0,50","5,50",,Cystectomy
Cystectomy_173,https://www.youtube.com/watch?v=KD9iQ6KW0iE&rco=1,Cystectomy,"0,10","7,40",,Cystectomy
Hysterectomy_174,https://www.youtube.com/watch?v=x452vRG_pA4&rco=1,Hysterectomy,"0,10","7,30",,Hysterectomy
oophorectomy_175,https://www.youtube.com/watch?v=KdfKnoUOJ5w&rco=1,oophorectomy,"0,20","21,30",,Oophorectomy
anatomy_176,https://www.youtube.com/watch?v=WFS-IUxVQL0&rco=1,anatomy,"0,40","9,30",,Others
anatomy_177,https://www.youtube.com/watch?v=O5D4NExFx-I&rco=1,anatomy,"8,30","15,40",,Others
Endometriomas_178,https://www.youtube.com/watch?v=TJSgIrvUQr8&t=15s,Endometriomas,"0,20","11,30",,Endometriomas
Myomectomy_179,https://www.youtube.com/watch?v=dV8URUkx-8I,Myomectomy,"0,10","6,40",,Myomectomy
Endometriomas_180,https://www.youtube.com/watch?v=ZM527dC1mcM,Endometriomas,"0,20","11,50",,Endometriomas
Endometriomas_181,https://www.youtube.com/watch?v=91TwVHkRtCg&rco=1,Endometriomas,"0,10","6,50",,Endometriomas
oophorectomy_182,https://www.youtube.com/watch?v=XYb06nTUqvs&rco=1,oophorectomy,"0,20","6,40",,Oophorectomy
oophorectomy_183,https://www.youtube.com/watch?v=RAuBCDsgQz8&rco=1,oophorectomy,"0,30","10,40",,Oophorectomy
oophorectomy_184,https://www.youtube.com/watch?v=KbJY0ZqP0LE&rco=1,oophorectomy,"0,00","1,20",,Oophorectomy
Splenectomy_185,https://www.youtube.com/watch?v=Wf7mMqeD-Zg&ab_channel=ColorectalDiseaseJournal,Splenectomy,"1,20","7,30",,Splenectomy
Splenectomy_186,https://www.youtube.com/watch?v=jeJUUc5uouo&ab_channel=SAGES-MinimallyInvasiveSurgeryVideos,Splenectomy,"12,50","6,00",,Splenectomy
Splenectomy_187,https://www.youtube.com/watch?v=HzcEnloTf18&ab_channel=ColorectalDiseaseJournal,Splenectomy,"1,10","6,20",,Splenectomy
Splenectomy_188,https://www.youtube.com/watch?v=zrB4i32ORhs&ab_channel=AjayKriplani,Splenectomy,"2,15","10,55",,Splenectomy
Splenectomy_189,https://www.youtube.com/watch?v=SzUOduZEMrA&ab_channel=Dr.R.K.Mishra,Splenectomy,"23,10","42,20",,Splenectomy
Splenectomy_190,https://www.youtube.com/watch?v=VrugfC7au0k&ab_channel=medXclusiveLearning,Splenectomy,"1,00","8,20",,Splenectomy
Splenectomy_191,https://www.youtube.com/watch?v=kukSy_kZydI&ab_channel=MaxHealthcare,Splenectomy,"0,00","1,40",,Splenectomy
Splenectomy_192,https://www.youtube.com/watch?v=iEZjmZTxlfk&ab_channel=SAGES-MinimallyInvasiveSurgeryVideos,Splenectomy,"0,30","6,30",,Splenectomy
Splenectomy_193,https://www.youtube.com/watch?v=2g-Og3pxBiM&ab_channel=SAGES-MinimallyInvasiveSurgeryVideos,Splenectomy,"0,20","6,30",,Splenectomy
Splenectomy_194,https://www.youtube.com/watch?v=K6nXCTd5vJo&ab_channel=SAGES-MinimallyInvasiveSurgeryVideos,Splenectomy,"0,55","4,30",,Splenectomy
Splenectomy_195,https://www.youtube.com/watch?v=e-2DqFoKTHk&ab_channel=AsianInstituteofNephrology%26Urology,Splenectomy,"1,00","5,10",,Splenectomy
Splenectomy_196,https://www.youtube.com/watch?v=SD6os6fkqpY&ab_channel=SAGES-MinimallyInvasiveSurgeryVideos,Splenectomy,"1,15","6,30",,Splenectomy
Splenectomy_197,https://www.youtube.com/watch?v=uPdvAJGk1mM&ab_channel=SAGES-MinimallyInvasiveSurgeryVideos,Splenectomy,"1,40","5,15",,Splenectomy
Nephrectomy_198,https://www.youtube.com/watch?v=_iNAmCfb9L0&ab_channel=WeillCornellUrology,Nephrectomy,"1,10","10,30",,Nephrectomy
Prostatectomy_199,https://www.youtube.com/watch?v=6V-GR7QR-Lk&ab_channel=RoboticSurgeryAcademy,Prostatectomy,"0,10","53,15",,Prostatectomy
CholeCystectomy_200,https://www.youtube.com/watch?v=NqBQYlSV1jQ&ab_channel=WUSTLLearnSurgery,CholeCystectomy,"3,15","16,20",,CholeCystectomy
pancreatectomy_201,https://www.youtube.com/watch?v=eurwkjhuY_o&ab_channel=SanthoshAnand,pancreatectomy,"0,25","17,00",,Pancreatectomy
HemiColectomy_202,https://www.youtube.com/watch?v=K8tQRVaikic&ab_channel=ColorectalDiseaseJournal,HemiColectomy,"0,30","8,30",,HemiColectomy
Colectomy_203,https://www.youtube.com/watch?v=90Qqg-1R3f4&ab_channel=ColorectalDiseaseJournal,Colectomy,"0,45","11,50",,Colectomy
HemiColectomy_204,https://www.youtube.com/watch?v=W0hXlLk2JOk&ab_channel=Dr.RahulMahadar,HemiColectomy,"6,00","29,55",,HemiColectomy
Splenectomy_205,https://www.youtube.com/watch?v=QQq8_SIkqk0&ab_channel=ColorectalDiseaseJournal,Splenectomy,"2,25","4,40",,Splenectomy
Adrenalectomy_206,https://www.youtube.com/watch?v=VnIPVbQh6nQ&ab_channel=SAGES-MinimallyInvasiveSurgeryVideos,Adrenalectomy,"2,25","5,40",,Adrenalectomy
Gastrectomy_207,https://www.youtube.com/watch?v=fecXdNs6rp0&ab_channel=SAGES-MinimallyInvasiveSurgeryVideos,Gastrectomy,"1,10","12,20",,Gastrectomy
CholeCystectomy_208,https://www.youtube.com/watch?v=HAaVQYBNcMA&ab_channel=WUSTLLearnSurgery,CholeCystectomy,"7,20","29,10",,CholeCystectomy
Colectomy_209,https://www.youtube.com/watch?v=a4CL5D8e3R0&ab_channel=MountSinaiHealthSystem,Colectomy,"0,40","4,45",,Colectomy
Colectomy_210,https://www.youtube.com/watch?v=wcdgicJ5uLk&ab_channel=ColorectalDiseaseJournal,Colectomy,"1,20","9,20",,Colectomy
HemiColectomy_211,https://www.youtube.com/watch?v=OD9NcVLhgSA&ab_channel=ColorectalDiseaseSurgery,HemiColectomy,"4,05","12,40",,HemiColectomy
Colectomy_212,https://www.youtube.com/watch?v=M1zY1eTTm60&ab_channel=ColorectalDiseaseSurgery,Colectomy,"0,55","4,10",,Colectomy
Abdominal Resection_213,https://www.youtube.com/watch?v=5lmgbgTthZ8&ab_channel=Dr.AtulMishra,Abdominal Resection,"1,05","9,35",,Abdominal Resection
Anterior Resection_214,https://www.youtube.com/watch?v=spJKtqKjYb0&ab_channel=ColorectalDiseaseJournal,Anterior Resection,"1,05","8,40",,Anterior Resection
Anterior Resection_215,https://www.youtube.com/watch?v=LpzxfMRlBVk&ab_channel=MarkSoliman%2CMD%2CFACS%2CFASCRS,Anterior Resection,"0,55","37,00",,Anterior Resection
Anterior Resection_216,https://www.youtube.com/watch?v=kDIF8kshEVM&ab_channel=MarkSoliman%2CMD%2CFACS%2CFASCRS,Anterior Resection,"5,45","18,30",,Anterior Resection
Anterior Resection_217,https://www.youtube.com/watch?v=HprLy4hUrcM&ab_channel=MarkSoliman%2CMD%2CFACS%2CFASCRS,Anterior Resection,"5,25","10,20",,Anterior Resection
Anterior Resection_218,https://www.youtube.com/watch?v=M84LBL6H7xc&ab_channel=MarkSoliman%2CMD%2CFACS%2CFASCRS,Anterior Resection,"4,45","19,20",,Anterior Resection
Anterior Resection_219,https://www.youtube.com/watch?v=OP-Mqxb_uNE&ab_channel=MarkSoliman%2CMD%2CFACS%2CFASCRS,Anterior Resection,"0,50","5,00",,Anterior Resection
Hysterectomy_220,https://www.youtube.com/watch?v=zprVf7hETcw&ab_channel=BonSecoursSt.FrancisHealthSystem,Hysterectomy,"1,30","16,55",,Hysterectomy
Colectomy_221,https://www.youtube.com/watch?v=aZwZd4ZUeM8&ab_channel=ColorectalDiseaseJournal,Colectomy,"1,05","6,55",,Colectomy
splenic_artery_222,https://www.youtube.com/watch?v=F5VbJuLq-n4&ab_channel=SAGES-MinimallyInvasiveSurgeryVideos,splenic_artery,"0,55","7,00",,splenic_artery
Colectomy_223,https://www.youtube.com/watch?v=ibPIOa5sARA&ab_channel=Dr.DanielA.Popowich%40MinimallyInvasiveSurgeon,Colectomy,"0,00","11,15",,Colectomy
Colectomy_224,https://www.youtube.com/watch?v=zzzmOOC6L0A&ab_channel=Dr.DanielA.Popowich%40MinimallyInvasiveSurgeon,Colectomy,"0,05","26,20",,Colectomy
Colectomy_225,https://www.youtube.com/watch?v=46P4A82qhYU&ab_channel=Dr.DanielA.Popowich%40MinimallyInvasiveSurgeon,Colectomy,"0,00","6,45",,Colectomy
Colectomy_226,https://www.youtube.com/watch?v=C5eW4RySjys&ab_channel=Dr.DanielA.Popowich%40MinimallyInvasiveSurgeon,Colectomy,"0,00","20,00",,Colectomy
Colectomy_227,https://www.youtube.com/watch?v=5jl-2fElhD4&ab_channel=Dr.DanielA.Popowich%40MinimallyInvasiveSurgeon,Colectomy,"0,00","18,35",,Colectomy
Colectomy_228,https://www.youtube.com/watch?v=CLSdP-vyPGE&ab_channel=ColorectalDiseaseJournal,Colectomy,"0,45","8,40",,Colectomy
Colectomy_229,https://www.youtube.com/watch?v=lsybwDeWlAc&ab_channel=ColorectalDiseaseJournal,Colectomy,"0,20","9,40",,Colectomy
Colectomy_230,https://www.youtube.com/watch?v=xDfAz6JmXfc&ab_channel=ColorectalDiseaseJournal,Colectomy,"1,15","7,45",,Colectomy
Tympanoplasty_231,https://www.youtube.com/watch?v=uHNMcKFet7k&ab_channel=IcahnSchoolofMedicine,Tympanoplasty,"1,55","6,45",,Tympanoplasty
Tympanoplasty_232,https://www.youtube.com/watch?v=j157nk-W2Ng&ab_channel=DrRobertVincent,Tympanoplasty,"10,00","29,15",,Tympanoplasty
pancreatectomy_233,https://www.youtube.com/watch?v=9VFoXHPOU8k&ab_channel=BrighamAndWomen%27sHospital,pancreatectomy,"9,15","19,20",,Pancreatectomy
Prostatectomy_234,https://www.youtube.com/watch?v=56Jav9AolC0&ab_channel=BrighamAndWomen'sHospital,Prostatectomy,"2,40","24,55",,Prostatectomy
pyeloplasty_235,https://www.youtube.com/watch?v=I29MEPzWzNk&ab_channel=AsianInstituteofNephrology%26Urology,pyeloplasty,"6,10","44,05",,Pyeloplasty
Adrenalectomy_236,https://www.youtube.com/watch?v=z4goq6UNVRM&ab_channel=AsianInstituteofNephrology%26Urology,Adrenalectomy,"0,10","25,05",,Adrenalectomy
Hysterectomy_237,https://www.youtube.com/watch?v=otVVb9vhQMU&ab_channel=ashwinthangavelu,Hysterectomy,"0,15","17,25",,Hysterectomy
Hysterectomy_238,https://www.youtube.com/watch?v=OOdbhFFKJ7o&ab_channel=ashwinthangavelu,Hysterectomy,"0,10","6,20",,Hysterectomy
Hysterectomy_239,https://www.youtube.com/watch?v=Z6uW-qD39Yg&ab_channel=DrSanketPisat,Hysterectomy,"0,50","27,10",,Hysterectomy
Hysterectomy_240,https://www.youtube.com/watch?v=ua_o3qPNpMc&ab_channel=DrArchitPanditMinimallyInvasiveCancerSurgeon,Hysterectomy,"1,05","25,35",,Hysterectomy
Hysterectomy_241,https://www.youtube.com/watch?v=BsIIHyuacIo&ab_channel=UnityPointHealth-CedarRapids,Hysterectomy,"9,50","48,30",,Hysterectomy
appendectomy_242,https://www.youtube.com/watch?v=BakAQ68bDVc&rco=1,appendectomy,"31,05","1,15,20",,Appendectomy
Oophoropexy_243,https://www.youtube.com/watch?v=z5MHGDkzG24&rco=1,Oophoropexy,"0,10","2,50",,Oophoropexy
Oophoropexy_244,https://www.youtube.com/watch?v=Tt6mpP_Svxo&rco=1,Oophoropexy,"1,00","6,30",,Oophoropexy
Oophoropexy_245,https://www.youtube.com/watch?v=N8GEm87NoZU&rco=1,Oophoropexy,"0,40","2,30",,Oophoropexy
Oophoropexy_246,https://www.youtube.com/watch?v=SCU_itYP0hE&rco=1,Oophoropexy,"0,20","3,30",,Oophoropexy
Oophoropexy_247,https://www.youtube.com/watch?v=lLtzDken6jo&rco=1,Oophoropexy,"1,40","6,00",,Oophoropexy
Oophoropexy_248,https://www.youtube.com/watch?v=ZAyLprTK0Dg&rco=1,Oophoropexy,"0,10","6,30",,Oophoropexy
Oophoropexy_249,https://www.youtube.com/watch?v=XhnRlPnocEM&rco=1,Oophoropexy,"0,05","2,50",,Oophoropexy
Oophoropexy_250,https://www.youtube.com/watch?v=k51YDYB3zSQ,Oophoropexy,"1,10","4,10",,Oophoropexy
Oophoropexy_251,https://www.youtube.com/watch?v=k51YDYB3zSQ&rco=1,Oophoropexy,"1,15","4,10",,Oophoropexy
Oophoropexy_252,https://www.youtube.com/watch?v=NNWnBtrOVh0&rco=1,Oophoropexy,"2,00","6,40",,Oophoropexy
Oophoropexy_253,https://www.youtube.com/watch?v=e0VnDcK_kPY&rco=1,Oophoropexy,"0,00","3,50",,Oophoropexy
Oophoropexy_254,https://www.youtube.com/watch?v=CF1pYCMqhmQ&rco=1,Oophoropexy,"0,40","4,50",,Oophoropexy
Oophoropexy_255,https://www.youtube.com/watch?v=V0SXtLOQecQ&rco=1,Oophoropexy,"0,20","3,25",,Oophoropexy
Oophoropexy_256,https://www.youtube.com/watch?v=hdiU86IuIIY&rco=1,Oophoropexy,"0,00","8,20",,Oophoropexy
Oophoropexy_257,https://www.youtube.com/watch?v=1SJbraJYwLo&rco=1,Oophoropexy,"2,00","5,40",,Oophoropexy
Oophoropexy_258,https://www.youtube.com/watch?v=z5MHGDkzG24&list=PLjNaF9eMdX2KqE4XD2lLt1HFm8hUA9CfL&rco=1,Oophoropexy,"0,10","2,50",,Oophoropexy
Oophoropexy_259,https://www.youtube.com/watch?v=pjtm2YNwEk8&rco=1,Oophoropexy,"0,25","2,10",,Oophoropexy
Oophoropexy_260,https://www.youtube.com/watch?v=X4ef_l0zGy0&rco=1,Oophoropexy,"1,00","55,00",,Oophoropexy
Oophoropexy_261,https://www.youtube.com/watch?v=o8tgMJW3f3I&rco=1,Oophoropexy,"0,20","2,20",,Oophoropexy
Endometriomas_262,https://www.youtube.com/watch?v=_aF42rYVyng&rco=1,Endometriomas,"1,20","5,20",,Endometriomas
Endometriomas_263,https://www.youtube.com/watch?v=ggGuD1btV4c&rco=1,Endometriomas,"0,40","6,20",,Endometriomas
Endometriomas_264,https://www.youtube.com/watch?v=83KhlDhM3qc&rco=1,Endometriomas,"0,20","4,50",,Endometriomas
Endometriomas_265,https://www.youtube.com/watch?v=kkz1AUtaPu0&rco=1,Endometriomas,"0,05","2,30",,Endometriomas
Endometriomas_266,https://www.youtube.com/watch?v=bi16ZxuImZY&rco=1,Endometriomas,"0,55","12,00",,Endometriomas
Endometriomas_267,https://www.youtube.com/watch?v=Wdw5RojnKV8&rco=1,Endometriomas,"0,05","2,30",,Endometriomas
Endometriomas_268,https://www.youtube.com/watch?v=6Qvuc3UHE2U&rco=1,Endometriomas,"0,00","5,00",,Endometriomas
Endometriomas_269,https://www.youtube.com/watch?v=ltiZ2-xkT_w&rco=1,Endometriomas,"0,30","5,50",,Endometriomas
Endometriomas_270,https://www.youtube.com/watch?v=IlZ3aWkYPHU&rco=1,Endometriomas,"3,50","10,00",,Endometriomas
Endometriomas_271,https://www.youtube.com/watch?v=zOKzY7dEleA&rco=1,Endometriomas,"0,20","4,00",,Endometriomas
Endometriomas_272,https://www.youtube.com/watch?v=qxw98ojKJcw&rco=1,Endometriomas,"0,20","25,40",,Endometriomas
Endometriomas_273,https://www.youtube.com/watch?v=TJSgIrvUQr8&t=40s,Endometriomas,"0,00","11,00",,Endometriomas
Endometriomas_274,https://www.youtube.com/watch?v=ve3Z5Fh98_E,Endometriomas,"13,30","38,00",,Endometriomas
Endometriomas_275,https://www.youtube.com/watch?v=W1-PjWW32W4&rco=1,Endometriomas,"0,10","3,20",,Endometriomas
Endometriomas_276,https://www.youtube.com/watch?v=GE91p58izc8&rco=1,Endometriomas,"1,30","6,50",,Endometriomas
Endometriomas_277,https://www.youtube.com/watch?v=36LaaXIM2qE&rco=1,Endometriomas,"1,00","3,20",,Endometriomas
Endometriomas_278,https://www.youtube.com/watch?v=iRTX8uQXYPE&rco=1,Endometriomas,"0,05","7,30",,Endometriomas
Endometriomas_279,https://www.youtube.com/watch?v=mCEL8IEfOn8&rco=1,Endometriomas,"1,40","11,20",,Endometriomas
Endometriomas_280,https://www.youtube.com/watch?v=02CHzrmP1fY&rco=1,Endometriomas,"0,10","4,00",,Endometriomas
Endometriomas_281,https://www.youtube.com/watch?v=Vvwzrc99dG4,Endometriomas,"0,10","7,10",,Endometriomas
Endometriomas_282,https://www.youtube.com/watch?v=ZNYWi_YPo-s&rco=1,Endometriomas,"0,10","5,10",,Endometriomas
Endometriomas_283,https://www.youtube.com/watch?v=ZM527dC1mcM&rco=1,Endometriomas,"0,20","11,20",,Endometriomas
Endometriomas_284,https://www.youtube.com/watch?v=inUVHCLzrQQ&rco=1,Endometriomas,"0,40","9,10",,Endometriomas
Endometriomas_285,https://www.youtube.com/watch?v=LTqttJHzXx0&rco=1,Endometriomas,"2,30","14,20",,Endometriomas
Endometriomas_286,https://www.youtube.com/watch?v=a6XfizONVQU&rco=1,Endometriomas,"0,10","9,40",,Endometriomas
Endometriomas_287,https://www.youtube.com/watch?v=gbsWkWLkBwM&rco=1,Endometriomas,"0,50","37,50",,Endometriomas
Endometriomas_288,https://www.youtube.com/watch?v=98k2q6gp9PI&rco=1,Endometriomas,"13,00","59,00",,Endometriomas
Endometriomas_289,https://www.youtube.com/watch?v=jeJTC3KOhpo&rco=1,Endometriomas,"0,05","8,10",,Endometriomas
Endometriomas_290,https://www.youtube.com/watch?v=b7oS_BP9sLk&rco=1,Endometriomas,"0,05","8,10",,Endometriomas
Myomectomy_291,https://www.youtube.com/watch?v=P6CGXBhCGKs&rco=1,Myomectomy,"0,40","3,50",,Myomectomy
Myomectomy_292,https://www.youtube.com/watch?v=bKz70MsJJQI&rco=1,Myomectomy,"0,00","1,40",,Myomectomy
Myomectomy_293,https://www.youtube.com/watch?v=_UksOZK_jl8&rco=1,Myomectomy,"3,10","21,30",,Myomectomy
Myomectomy_294,https://www.youtube.com/watch?v=Za54bWl08BM&rco=1,Myomectomy,"7,00","21,40",,Myomectomy
Myomectomy_295,https://www.youtube.com/watch?v=TiB4LPZ2GNo&rco=1,Myomectomy,"0,30","8,00",,Myomectomy
Myomectomy_296,https://www.youtube.com/watch?v=3WRatFhFqO0&rco=1,Myomectomy,"0,00","1,40",,Myomectomy
Myomectomy_297,https://www.youtube.com/watch?v=xBFUNFtAgaA&rco=1,Myomectomy,"1,40","14,00",,Myomectomy
Myomectomy_298,https://www.youtube.com/watch?v=hA8cdZZB54Q,Myomectomy,"2,20","6,20",,Myomectomy
Hernia_299,https://www.youtube.com/watch?v=oldvdhamw-o&rco=1,Hernia,"0,00","2,00",,Hernia
Hernia_300,https://www.youtube.com/watch?v=_JUqCnFMCe8&rco=1,Hernia,"0,10","5,00",,Hernia
Hernia_301,https://www.youtube.com/watch?v=hKMDUzrWDe8&rco=1,Hernia,"1,40","7,40",,Hernia
Hernia_302,https://www.youtube.com/watch?v=3pMvB0rnokQ&rco=1,Hernia,"0,30","4,00",,Hernia
Hernia_303,https://www.youtube.com/watch?v=2-0DhY0AyvQ&rco=1,Hernia,"0,40","7,40",,Hernia
Hernia_304,https://www.youtube.com/watch?v=jET_nEe4PNI&rco=1,Hernia,"1,20","10,00",,Hernia
Hernia_305,https://www.youtube.com/watch?v=Nz9Z9sFYHM0&rco=1,Hernia,"1,20","12,30",,Hernia
Hernia_306,https://www.youtube.com/watch?v=lCLGFoQIutA&rco=1,Hernia,"1,00","9,40",,Hernia
Hernia_307,https://www.youtube.com/watch?v=IF8vSnXMDdc&rco=1,Hernia,"0,00","4,20",,Hernia
Hernia_308,https://www.youtube.com/watch?v=iSWXC15kNAs&rco=1,Hernia,"0,00","7,20",,Hernia
Hernia_309,https://www.youtube.com/watch?v=7TMdSTGzDss&rco=1,Hernia,"0,10","5,50",,Hernia
Hernia_310,https://www.youtube.com/watch?v=h0uJwY4ZqN0&rco=1,Hernia,"0,30","6,50",,Hernia
Hernia_311,https://www.youtube.com/watch?v=4Fovw0VZ7bM&rco=1,Hernia,"0,40","9,00",,Hernia
Hernia_312,https://www.youtube.com/watch?v=OXAWnJTifO8&rco=1,Hernia,"1,10","15,50",,Hernia
Hernia_313,https://www.youtube.com/watch?v=xHJNwuGI3PI&rco=1,Hernia,"1,50","32,00",,Hernia
Hernia_314,https://www.youtube.com/watch?v=wmjNkYX3qOM&rco=1,Hernia,"1,30","6,45",,Hernia
Hernia_315,https://www.youtube.com/watch?v=IliLUr9VUPU&rco=1,Hernia,"0,30","9,10",,Hernia
Lap Fundoplication_316,https://www.youtube.com/watch?v=_U8oz9xCamE&rco=1,Lap Fundoplication,"1,20","7,20",,Lap Fundoplication
Lap Fundoplication_317,https://www.youtube.com/watch?v=8Eh-E43nm7k&rco=1,Lap Fundoplication,"1,00","23,00",,Lap Fundoplication
Lap Fundoplication_318,https://www.youtube.com/watch?v=JKC82dQBAs4&rco=1,Lap Fundoplication,"0,00","21,00",,Lap Fundoplication
Lap Fundoplication_319,https://www.youtube.com/watch?v=8lRrtfyKT5U&rco=1,Lap Fundoplication,"0,40","9,30",,Lap Fundoplication
Lap Fundoplication_320,https://www.youtube.com/watch?v=ht7qxMPE00Q&rco=1,Lap Fundoplication,"1,00","13,50",,Lap Fundoplication
Splenectomy_321,https://www.youtube.com/watch?v=QQq8_SIkqk0,Splenectomy,"2,25","4,40",,Splenectomy
Colectomy_322,https://www.youtube.com/watch?v=bCRl1Qpi140,Colectomy,"0,00","17,45",,Colectomy
Prostatectomy_323,https://www.youtube.com/watch?v=PLp7A6lgr0o&ab_channel=AsianInstituteofNephrology%26Urology,Prostatectomy,"13,00","1,13,00",,Prostatectomy
pyeloplasty_324,https://www.youtube.com/watch?v=nUJd6Fw-ttM&ab_channel=AsianInstituteofNephrology%26Urology,pyeloplasty,"10,55","1,08,30",,Pyeloplasty
pyeloplasty_325,https://www.youtube.com/watch?v=BICev81iMgI&ab_channel=AsianInstituteofNephrology%26Urology,pyeloplasty,"10,30","1,08,10",,Pyeloplasty
Hysterectomy_326,https://www.youtube.com/watch?v=UTRAt57UMjk&ab_channel=Dr.R.K.Mishra,Hysterectomy,"6,20","26,35",,Hysterectomy
Hysterectomy_327,https://www.youtube.com/watch?v=jpWRkN1Lbt4&ab_channel=Dr.R.K.Mishra,Hysterectomy,"0,30","19,30",,Hysterectomy
Hysterectomy_328,https://www.youtube.com/watch?v=7kFTv0tyuM0&ab_channel=Dr.R.K.Mishra,Hysterectomy,"0,15","14,30",,Hysterectomy
appendectomy_329,https://www.youtube.com/watch?v=yg6VyT0mbYg&ab_channel=MaxHealthcare,appendectomy,"0,00","0,45",,Appendectomy
Gastrectomy_330,https://www.youtube.com/watch?v=PER5EFFWEAY&ab_channel=mehmetaliyerdel,Gastrectomy,"5,20","55,00",,Gastrectomy
Gastrectomy_331,https://www.youtube.com/watch?v=7eWBbXrDyGU&ab_channel=JohnPilcher%2CBariatricSurgeon,Gastrectomy,"0,05","14,00",,Gastrectomy
Cystectomy_332,https://www.youtube.com/watch?v=jOFXzMbeAps&ab_channel=SLUCare,Cystectomy,"1,10","9,05",,Cystectomy
Cystectomy_333,https://www.youtube.com/watch?v=cbXRFwbyX9g&ab_channel=AUAUniversity,Cystectomy,"0,45","7,40",,Cystectomy
Nephrectomy_334,https://www.youtube.com/watch?v=GQm90mWVMJM&ab_channel=BrighamAndWomen%27sHospital,Nephrectomy,"3,45","21,40",,Nephrectomy
Nephrectomy_335,https://www.youtube.com/watch?v=56Jav9AolC0&ab_channel=BrighamAndWomen%27sHospital,Nephrectomy,"2,40","24,55",,Nephrectomy
Prostatectomy_336,https://www.youtube.com/watch?v=Xr-7w-eiNUk&ab_channel=AsianInstituteofNephrology%26Urology,Prostatectomy,"2,00","54,00",,Prostatectomy
Nephrectomy_337,https://www.youtube.com/watch?v=gNM0XXjtCco&ab_channel=NepeanUrologyResearchGroup,Nephrectomy,"0,25","14,10",,Nephrectomy
Nephrectomy_338,https://www.youtube.com/watch?v=QHx0GMOkolQ&ab_channel=NepeanUrologyResearchGroup,Nephrectomy,"0,50","17,15",,Nephrectomy
Nephrectomy_339,https://www.youtube.com/watch?v=oiwssH_bgpg&ab_channel=SeattleScienceFoundation,Nephrectomy,"4,50","44,15",,Nephrectomy
Nephrectomy_340,https://www.youtube.com/watch?v=KWn-iaapnuo&ab_channel=GrandRoundsinUrology,Nephrectomy,"12,30","16,30",,Nephrectomy
Nephrectomy_341,https://www.youtube.com/watch?v=zNaBE53glfA&ab_channel=Dr.R.K.Mishra,Nephrectomy,"3,20","25,20",,Nephrectomy
Nephrectomy_342,https://www.youtube.com/watch?v=Lwwl4uV7YFQ&ab_channel=Dr.SandeepNayak,Nephrectomy,"1,45","23,30",,Nephrectomy
Nephrectomy_343,https://www.youtube.com/watch?v=iwmETIFTKH8&ab_channel=AsianInstituteofNephrology%26Urology,Nephrectomy,"3,35","55,10",,Nephrectomy
Nephrectomy_344,https://www.youtube.com/watch?v=iwmETIFTKH8&ab_channel=AsianInstituteofNephrology%26Urology,Nephrectomy,"0,35","44,00",,Nephrectomy
Prostatectomy_345,https://www.youtube.com/watch?v=pcM5do8DhSI,Prostatectomy,"1,50","9,25",,Prostatectomy
Prostatectomy_346,https://www.youtube.com/watch?v=c3R8aE2rhW4&ab_channel=BonSecoursSt.FrancisHealthSystem,Prostatectomy,"2,20","17,10",,Prostatectomy
Prostatectomy_347,https://www.youtube.com/watch?v=NitKIjCcS7U&ab_channel=TheProstateClinic,Prostatectomy,"0,05","5,50",,Prostatectomy
Prostatectomy_348,https://www.youtube.com/watch?v=9WacMabNLVs&ab_channel=TheProstateClinic,Prostatectomy,"0,05","15,05",,Prostatectomy
Prostatectomy_349,https://www.youtube.com/watch?v=NTSImQsfci0&ab_channel=TheProstateClinic,Prostatectomy,"0,05","12,55",,Prostatectomy
Prostatectomy_350,https://www.youtube.com/watch?v=yc4AkRBnewE&ab_channel=TheProstateClinic,Prostatectomy,"0,05","9,05",,Prostatectomy
Prostatectomy_351,https://www.youtube.com/watch?v=3i90ixAjKaA&ab_channel=TheProstateClinic,Prostatectomy,"0,05","4,40",,Prostatectomy
Lymphadenectomy_352,https://www.youtube.com/watch?v=AslCUdpSaig&ab_channel=ArtemStepanyan,Lymphadenectomy,"1,40","28,05",,Lymphadenectomy
Lymphadenectomy_353,https://www.youtube.com/watch?v=x582L6hob0U&ab_channel=ColorectalDiseaseJournal,Lymphadenectomy,"0,05","6,20",,Lymphadenectomy
Lymphadenectomy_354,https://www.youtube.com/watch?v=SqUi0MYIhtU&ab_channel=ColorectalDiseaseJournal,Lymphadenectomy,"1,15","7,10",,Lymphadenectomy
Lymphadenectomy_355,https://www.youtube.com/watch?v=DieLiZ3FBCQ&ab_channel=ColorectalDiseaseJournal,Lymphadenectomy,"0,55","9,15",,Lymphadenectomy
Lymphadenectomy_356,https://www.youtube.com/watch?v=gt35qUqTLRQ&ab_channel=NabilMoulay,Lymphadenectomy,"0,00","20,40",,Lymphadenectomy
HemiColectomy_357,https://www.youtube.com/watch?v=s0v31F32WdE&ab_channel=ColorectalDiseaseJournal,HemiColectomy,"1,40","8,05",,HemiColectomy
HemiColectomy_358,https://www.youtube.com/watch?v=Xi28LOKgmoM&ab_channel=Dr.DanielA.Popowich%40MinimallyInvasiveSurgeon,HemiColectomy,"0,00","20,05",,HemiColectomy
Lymphadenectomy_359,https://www.youtube.com/watch?v=IZ9BQ_4O-48&ab_channel=CTSNetVideo,Lymphadenectomy,"0,20","9,05",,Lymphadenectomy
Lymphadenectomy_360,https://www.youtube.com/watch?v=R7Qsw5Y5lOI&ab_channel=ClaymanThyroidCancerCenter,Lymphadenectomy,"0,10","4,55",,Lymphadenectomy
Thyroidectomy_361,https://www.youtube.com/watch?v=IiBg-fSNSxc&ab_channel=ClaymanThyroidCancerCenter,Thyroidectomy,"0,20","4,35",,Thyroidectomy
Thyroidectomy_362,https://www.youtube.com/watch?v=u4Na19ctKGk&ab_channel=ClaymanThyroidCancerCenter,Thyroidectomy,"0,15","18,25",,Thyroidectomy
Thyroidectomy_363,https://www.youtube.com/watch?v=OHb62qQCc9g&ab_channel=ClaymanThyroidCancerCenter,Thyroidectomy,"1,00","4,55",,Thyroidectomy
Thyroid Lobectomy_364,https://www.youtube.com/watch?v=EhQ-yXqB8no&ab_channel=ClaymanThyroidCancerCenter,Thyroid Lobectomy,"0,40","4,10",,Thyroid Lobectomy
Thyroid Lobectomy_365,https://www.youtube.com/watch?v=rLfkz5Fggg4&ab_channel=SurgerybyProf.Chintamani,Thyroid Lobectomy,"2,45","11,00",,Thyroid Lobectomy
Thyroidectomy_366,https://www.youtube.com/watch?v=4KGzvS0_Zvk&ab_channel=DundeeInstituteofHeadandneckEducation-DIHNE,Thyroidectomy,"1,20","7,10",,Thyroidectomy
Lymphadenectomy_367,https://www.youtube.com/watch?v=P1TWSCyQGpQ&ab_channel=AUAUniversity,Lymphadenectomy,"0,15","8,00",,Lymphadenectomy
Lymphadenectomy_368,https://www.youtube.com/watch?v=-pVtn8fUP88&ab_channel=ArtemStepanyan,Lymphadenectomy,"2,50","29,30",,Lymphadenectomy
Mesorectal Excision_369,https://www.youtube.com/watch?v=eMQYZb3mhjU&ab_channel=ColorectalDiseaseJournal,Mesorectal Excision,"2,20","14,00",,Mesorectal Excision
Mesorectal Excision_370,https://www.youtube.com/watch?v=Pa2s7VwPQ64&ab_channel=ColorectalDiseaseJournal,Mesorectal Excision,"2,10","7,00",,Mesorectal Excision
Mesorectal Excision_371,https://www.youtube.com/watch?v=nCCU8QscI9c&ab_channel=ColorectalDiseaseJournal,Mesorectal Excision,"1,45","9,35",,Mesorectal Excision
Mesorectal Excision_372,https://www.youtube.com/watch?v=WtIUn5i9QC8&ab_channel=ColorectalDiseaseJournal,Mesorectal Excision,"0,45","9,15",,Mesorectal Excision
Abdominal Resection_373,https://www.youtube.com/watch?v=JrAKVYlIDOM&ab_channel=SAGES-MinimallyInvasiveSurgeryVideos,Abdominal Resection,"0,20","5,50",,Abdominal Resection
Abdominal Resection_374,https://www.youtube.com/watch?v=VG9d6ZglHpk&ab_channel=ColorectalDiseaseJournal,Abdominal Resection,"2,25","9,20",,Abdominal Resection
Anterior Resection_375,https://www.youtube.com/watch?v=Q69Ewv1o7UU&ab_channel=ColorectalDiseaseJournal,Anterior Resection,"1,15","9,00",,Anterior Resection
Anterior Resection_376,https://www.youtube.com/watch?v=PT3iEguTsUw,Anterior Resection,"0,25","10,20",,Anterior Resection
Anterior Resection_377,https://www.youtube.com/watch?v=r5C8Ve04bEw&ab_channel=ColorectalDiseaseSurgery,Anterior Resection,"1,40","18,15",,Anterior Resection
Anterior Resection_378,https://www.youtube.com/watch?v=IL3Ab_ZIDGw&ab_channel=ColorectalDiseaseSurgery,Anterior Resection,"2,10","15,05",,Anterior Resection
Colectomy_379,https://www.youtube.com/watch?v=di-3fT-3K70&ab_channel=GIBLIB,Colectomy,"3,30","24,40",,Colectomy
Thyroidectomy_380,https://www.youtube.com/watch?v=wzFAPKu2A8g&ab_channel=IcahnSchoolofMedicine,Thyroidectomy,"1,50","8,00",,Thyroidectomy
Thyroidectomy_381,https://www.youtube.com/watch?v=S20OPanp5qw&ab_channel=SAGES-MinimallyInvasiveSurgeryVideos,Thyroidectomy,"1,30","4,25",,Thyroidectomy
surgical resection_382,https://www.youtube.com/watch?v=EccFvrF1_pE&ab_channel=MicroNeuroSurgeryOrg,surgical resection,"1,15","11,45",,Others
Craniotomy_383,https://www.youtube.com/watch?v=xItILW9OaKM&ab_channel=MicroNeuroSurgeryOrg,Craniotomy,"4,40","18,50",,Craniotomy
Craniotomy_384,https://www.youtube.com/watch?v=cil034xgU0U&ab_channel=MicroNeuroSurgeryOrg,Craniotomy,"1,15","16,35",,Craniotomy
spinal_resection_385,https://www.youtube.com/watch?v=pW-jh_1pR3A&ab_channel=SeattleScienceFoundation,spinal_resection,"0,50","15,50",,Others
surgical_resection_386,https://www.youtube.com/watch?v=e-jceP3O0eY&ab_channel=MicroNeuroSurgeryOrg,surgical_resection,"1,15","7,40",,Others
Craniotomy_387,https://www.youtube.com/watch?v=-sWqNC1LQ_Q&ab_channel=BarrowNeurologicalInstitute,Craniotomy,"1,45","5,45",,Craniotomy
Craniotomy_388,https://www.youtube.com/watch?v=KB7uD004tqs&ab_channel=BarrowNeurologicalInstitute,Craniotomy,"1,35","4,55",,Craniotomy
Aneurysm_389,https://www.youtube.com/watch?v=LD6R--3YLtc&ab_channel=BarrowNeurologicalInstitute,Aneurysm,"4,15","20,30",,Aneurysm
Mesorectal Excision_390,https://www.youtube.com/watch?v=ZBmp1ZWzXpM&ab_channel=DiseasesoftheColonandRectumJournal,Mesorectal Excision,"1,45","6,05",,Mesorectal Excision
Colonoscopy_391,https://www.youtube.com/watch?v=4aK_2QgNEkU&ab_channel=GottumukkalaS.Raju,Colonoscopy,"2,15","20,55",,Colonoscopy
Colonoscopy_392,https://www.youtube.com/watch?v=0vFIH-JLc6M,Colonoscopy,"3,00","13,10",,Colonoscopy
Colonoscopy_393,https://www.youtube.com/watch?v=2kxzmc3KfQA&ab_channel=GottumukkalaS.Raju,Colonoscopy,"1,15","9,45",,Colonoscopy
Colonoscopy_394,https://www.youtube.com/watch?v=UcRuv5xscMw&ab_channel=GottumukkalaS.Raju,Colonoscopy,"0,10","6,45",,Colonoscopy
Colonoscopy_395,https://www.youtube.com/watch?v=-8JUCDChxew&ab_channel=GottumukkalaS.Raju,Colonoscopy,"0,45","24,55",,Colonoscopy
Colonoscopy_396,https://www.youtube.com/watch?v=pZxHF6yol-E&ab_channel=GottumukkalaS.Raju,Colonoscopy,"1,00","18,55",,Colonoscopy
Colonoscopy_397,https://www.youtube.com/watch?v=22sMJ2_BfXA&ab_channel=GottumukkalaS.Raju,Colonoscopy,"1,30","17,35",,Colonoscopy
Colonoscopy_398,https://www.youtube.com/watch?v=M1N5Bk1dRBE&ab_channel=GottumukkalaS.Raju,Colonoscopy,"0,30","4,50",,Colonoscopy
Colonoscopy_399,https://www.youtube.com/watch?v=cuOGmw1MOrE&ab_channel=GottumukkalaS.Raju,Colonoscopy,"0,30","13,35",,Colonoscopy
Colonoscopy_400,https://www.youtube.com/watch?v=ZUH60f6Jz8A&ab_channel=PrecisionGI,Colonoscopy,"2,00","3,10",,Colonoscopy
Colonoscopy_401,https://www.youtube.com/watch?v=1pxWg4vCWWY&ab_channel=ShyamVaradarajulu,Colonoscopy,"3,25","7,40",,Colonoscopy
Colonoscopy_402,https://www.youtube.com/watch?v=8QwS9g2qOXQ&ab_channel=GottumukkalaS.Raju,Colonoscopy,"1,20","20,55",,Colonoscopy
Colonoscopy_403,https://www.youtube.com/watch?v=lgm-Kkxz0uI&ab_channel=GottumukkalaS.Raju,Colonoscopy,"0,00","23,50",,Colonoscopy
Colonoscopy_404,https://www.youtube.com/watch?v=iRFF-J7BZ1E,Colonoscopy,"0,30","18,35",,Colonoscopy
Colonoscopy_405,https://www.youtube.com/watch?v=e7_tHCano2g&ab_channel=GottumukkalaS.Raju,Colonoscopy,"0,50","19,40",,Colonoscopy
Colonoscopy_406,https://www.youtube.com/watch?v=8TwUHbCVyLU&ab_channel=KennethBinmoeller,Colonoscopy,"7,25","20,20",,Colonoscopy
Colonoscopy_407,https://www.youtube.com/watch?v=jjSXyvgLwS8&ab_channel=VideoGIEJournal,Colonoscopy,"6,25","7,55",,Colonoscopy
Colonoscopy_408,https://www.youtube.com/watch?v=xnDjv9As9XA&ab_channel=monzahmed,Colonoscopy,"3,45","20,15",,Colonoscopy
Craniotomy_409,https://www.youtube.com/watch?v=Zhe2e0k0ffo&ab_channel=MicroNeuroSurgeryOrg,Craniotomy,"0,15","10,05",,Craniotomy
Craniotomy_410,https://www.youtube.com/watch?v=_--2rTEmhKA&ab_channel=MicroNeuroSurgeryOrg,Craniotomy,"4,00","21,10",,Craniotomy
Aneurysm_411,https://www.youtube.com/watch?v=eePcyOMi85M&ab_channel=AmericanAssociationofNeurologicalSurgeons,Aneurysm,"1,45","10,15",,Aneurysm
Craniotomy_412,https://www.youtube.com/watch?v=eDeiMrGoE0Q&list=PLA7A46D6877130A0F&ab_channel=AmericanAssociationofNeurologicalSurgeons,Craniotomy,"2,15","3,45",,Craniotomy
Craniotomy_413,https://www.youtube.com/watch?v=lyOfOQ3sBdU&list=PLA7A46D6877130A0F&index=2&ab_channel=AmericanAssociationofNeurologicalSurgeons,Craniotomy,"2,20","5,50",,Craniotomy
Craniotomy_414,https://www.youtube.com/watch?v=logCCn3uKUc&list=PLA7A46D6877130A0F&index=3&ab_channel=AmericanAssociationofNeurologicalSurgeons,Craniotomy,"4,00","6,50",,Craniotomy
Craniotomy_415,https://www.youtube.com/watch?v=LMpz_YTFC0g&list=PLA7A46D6877130A0F&index=4&ab_channel=AmericanAssociationofNeurologicalSurgeons,Craniotomy,"4,55","8,15",,Craniotomy
Craniotomy_416,https://www.youtube.com/watch?v=3WESejZbk90&list=PLA7A46D6877130A0F&index=5&ab_channel=AmericanAssociationofNeurologicalSurgeons,Craniotomy,"5,15","6,25",,Craniotomy
Craniotomy_417,https://www.youtube.com/watch?v=VSLPq010Q-o,Craniotomy,"2,20","8,05",,Craniotomy
Craniotomy_418,https://www.youtube.com/watch?v=cvEZB0IoEIE,Craniotomy,"1,35","8,10",,Craniotomy
Craniotomy_419,https://www.youtube.com/watch?v=xDCB7v9xC9Q,Craniotomy,"1,40","11,00",,Craniotomy
Craniotomy_420,https://www.youtube.com/watch?v=ZiExgd7JOqs,Craniotomy,"2,10","10,50",,Craniotomy
Craniotomy_421,https://www.youtube.com/watch?v=e-jceP3O0eY&ab_channel=MicroNeuroSurgeryOrgg,Craniotomy,"1,00","8,00",,Craniotomy
Craniotomy_422,https://www.youtube.com/watch?v=86_PxoyYp9o,Craniotomy,"4,05","13,40",,Craniotomy
thoracic_laminectomy_423,https://www.youtube.com/watch?v=djnnYzg7SEc,thoracic_laminectomy,"0,15","8,25",,Others
Craniotomy_424,https://www.youtube.com/watch?v=VXcZOjl9C48,Craniotomy,"1,05","5,00",,Craniotomy
Craniotomy_425,https://www.youtube.com/watch?v=cil034xgU0U&ab_channel=MicroNeuroSurgeryOrgg,Craniotomy,"1,30","17,00",,Craniotomy
Craniotomy_426,https://www.youtube.com/watch?v=VZPGdqfmBLM,Craniotomy,"1,05","6,05",,Craniotomy
Craniotomy_427,https://www.youtube.com/watch?v=wbXp7mc0vT4,Craniotomy,"2,15","13,20",,Craniotomy
Craniotomy_428,https://www.youtube.com/watch?v=bv0lMPbX7BY,Craniotomy,"0,30","10,45",,Craniotomy
Craniotomy_429,https://www.youtube.com/watch?v=ZfNB_rhlyeI,Craniotomy,"4,00","12,30",,Craniotomy
Craniotomy_430,https://www.youtube.com/watch?v=xllKSOXDuNM,Craniotomy,"0,10","19,10",,Craniotomy
Craniotomy_431,https://www.youtube.com/watch?v=QZmzctjAEbw,Craniotomy,"1,00","10,30",,Craniotomy
Craniotomy_432,https://www.youtube.com/watch?v=g6SQ5JVK0Ko,Craniotomy,"1,10","8,40",,Craniotomy
Craniotomy_433,https://www.youtube.com/watch?v=VKfe1cBHwZo,Craniotomy,"0,35","11,15",,Craniotomy
Craniotomy_434,https://www.youtube.com/watch?v=Ex_vLZV9Aag,Craniotomy,"2,55","6,25",,Craniotomy
Craniotomy_435,https://www.youtube.com/watch?v=gWBJHWIaQuI,Craniotomy,"2,20","6,00",,Craniotomy
Craniotomy_436,https://www.youtube.com/watch?v=Q1w8w6Oac-I,Craniotomy,"2,05","5,20",,Craniotomy
Craniotomy_437,https://www.youtube.com/watch?v=9tBJFwnKiDY,Craniotomy,"1,35","4,15",,Craniotomy
Craniotomy_438,https://www.youtube.com/watch?v=lE75pEIbcYs,Craniotomy,"2,55","5,50",,Craniotomy
Craniotomy_439,https://www.youtube.com/watch?v=34fddDD6XAY,Craniotomy,"2,20","6,20",,Craniotomy
Craniotomy_440,https://www.youtube.com/watch?v=jxy-IEl0psM,Craniotomy,"5,05","1,40",,Craniotomy
Craniotomy_441,https://www.youtube.com/watch?v=WLdtUCgKW2s,Craniotomy,"1,50","5,10",,Craniotomy
Craniotomy_442,https://www.youtube.com/watch?v=3uisLp56Eu8,Craniotomy,"2,20","5,30",,Craniotomy
Craniotomy_443,https://www.youtube.com/watch?v=mjbaK8ZdEco,Craniotomy,"1,35","4,55",,Craniotomy
Craniotomy_444,https://www.youtube.com/watch?v=Z4NejXGuIhA,Craniotomy,"2,00","5,00",,Craniotomy
Craniotomy_445,https://www.youtube.com/watch?v=Ca_DuECG7A0,Craniotomy,"2,40","6,10",,Craniotomy
Craniotomy_446,https://www.youtube.com/watch?v=1P0nIZki5Nk,Craniotomy,"1,55","6,00",,Craniotomy
Craniotomy_447,https://www.youtube.com/watch?v=KB7uD004tqs&ab_channel=BarrowNeurologicalInstitutee,Craniotomy,"1,31","4,55",,Craniotomy
Craniotomy_448,https://www.youtube.com/watch?v=sUt-9QFGgCI,Craniotomy,"2,01","9,30",,Craniotomy
Turbinectomy_449,https://www.youtube.com/watch?v=e6203R9HHmk,Turbinectomy,"2,10","7,10",,Turbinectomy
Turbinectomy_450,https://www.youtube.com/watch?v=JJY6nYKTCSg,Turbinectomy,"0,55","8,35",,Turbinectomy
Turbinectomy_451,https://www.youtube.com/watch?v=6pSwdYsN9hk,Turbinectomy,"1,50","8,30",,Turbinectomy
Turbinectomy_452,https://www.youtube.com/watch?v=ClL73FU5QIU,Turbinectomy,"1,45","9,55",,Turbinectomy
Turbinectomy_453,https://www.youtube.com/watch?v=Gu6yOp51Df0,Turbinectomy,"0,55","7,10",,Turbinectomy
septoplasty_454,https://www.youtube.com/watch?v=9uBEvWmjydc,septoplasty,"0,45","9,15",,Others